price,quantity_sold,product_type,month
43.708610696262625,43,Product_D,Jun
95.56428757689245,59,Product_A,Feb
75.87945476302646,57,Product_D,Nov
63.8792635777333,54,Product_A,Mar
24.041677639819287,44,Product_E,Jun
24.03950683025824,65,Product_E,Apr
15.227525095137953,42,Product_E,Jun
87.95585311974416,62,Product_C,Jan
64.1003510568888,54,Product_E,Oct
73.7265320016441,65,Product_D,Dec
11.85260448662222,46,Product_B,Jan
97.29188669457949,44,Product_A,Mar
84.91983767203796,37,Product_C,Aug
29.110519961044854,47,Product_E,Aug
26.364247048639054,36,Product_E,Nov
26.506405886809045,51,Product_B,Apr
37.381801866358394,46,Product_B,Jun
57.228078846901404,60,Product_C,Aug
48.87505167779042,44,Product_A,Jul
36.21062261782377,59,Product_E,Nov
65.06676052501416,59,Product_C,Jul
22.554447458683764,64,Product_D,Apr
36.29301836816963,56,Product_D,Sep
42.97256589643225,50,Product_C,Dec
51.046298579533236,56,Product_E,Oct
80.66583652537122,48,Product_C,Jun
27.970640394252378,44,Product_E,Dec
56.28109945722505,47,Product_B,Nov
63.31731119758382,46,Product_C,Mar
14.180537144799796,32,Product_E,May
64.67903667112945,48,Product_C,May
25.347171131856236,56,Product_C,May
15.854643368675156,48,Product_E,Aug
95.39969835279999,65,Product_E,Sep
96.90688297671034,52,Product_A,Sep
82.7557613304815,65,Product_C,Jun
37.41523922560336,52,Product_D,Jun
18.79049026057455,44,Product_C,Sep
71.58097238609412,44,Product_C,Apr
49.61372443656412,56,Product_E,Jun
20.983441136030095,48,Product_C,Apr
54.56592191001432,54,Product_C,Nov
13.094966900369656,57,Product_D,Jan
91.83883618709038,44,Product_E,Jul
33.290198344001524,52,Product_C,Oct
69.62700559185838,39,Product_B,Nov
38.053996848046985,45,Product_A,Dec
56.80612190600297,59,Product_D,Jun
59.203925140895166,53,Product_C,Sep
26.636900997297435,38,Product_B,Jul
97.26261649881027,47,Product_C,Jul
79.76195410250031,55,Product_C,Feb
94.55490474077702,38,Product_E,Dec
90.5344615384884,54,Product_E,Nov
63.810998092997664,58,Product_E,Sep
92.96868115208052,50,Product_B,Oct
17.964325184672756,58,Product_C,Sep
27.638457617723066,54,Product_A,Jun
14.070456001948425,45,Product_D,Mar
39.27972976869379,57,Product_E,Jan
44.98095607205338,58,Product_E,Apr
34.42141285965063,54,Product_C,Mar
84.58637582367363,54,Product_C,Dec
42.10779940242303,52,Product_B,Jan
35.28410587186427,42,Product_B,Mar
58.84264748424236,59,Product_E,Apr
22.683180247728636,58,Product_C,Aug
82.19772826786357,46,Product_A,Sep
16.709557931179376,42,Product_D,Mar
98.81982429404655,58,Product_C,Jun
79.50202923669917,53,Product_C,Oct
27.884411338075516,53,Product_B,Nov
10.496990541124216,56,Product_D,May
83.39152856093507,56,Product_E,Jun
73.61716094628554,69,Product_C,Apr
75.61064512368885,54,Product_E,Oct
79.41433120173512,46,Product_C,Jun
16.664018656068134,37,Product_E,Jul
42.261915568984534,47,Product_D,Sep
20.428215357261674,55,Product_B,Oct
87.67930832880342,56,Product_D,Jul
66.09683141448022,50,Product_A,Jun
39.78082223673843,54,Product_B,Jan
15.720251525742128,48,Product_D,Feb
37.9884089544096,42,Product_A,Jan
39.266498982407235,54,Product_C,Sep
75.66455605042577,38,Product_C,Oct
67.38017242196918,53,Product_E,Oct
89.84914683186939,66,Product_B,Sep
52.49934326457544,49,Product_C,Jul
20.763482134447152,48,Product_B,Feb
74.19203085006956,48,Product_C,Jun
78.47065437552077,60,Product_E,Nov
60.51494778125466,43,Product_D,Apr
79.38704619591049,53,Product_E,Jan
54.44160367279517,59,Product_A,Jan
57.045954644379464,71,Product_C,Dec
48.47869165226947,59,Product_A,May
12.287721406968567,56,Product_A,Dec
19.7102284293974,41,Product_B,Feb
12.828626711806082,62,Product_C,Apr
67.27693701374024,57,Product_A,Jan
38.2920382968694,40,Product_D,Apr
55.77136220482325,54,Product_A,Nov
91.68098265334837,43,Product_D,Jun
32.43630062339874,36,Product_B,Oct
46.93446307320668,45,Product_A,Apr
77.99960246887439,46,Product_E,Jan
30.59183489424602,48,Product_B,Jul
16.92819188459137,52,Product_D,Feb
36.077630762239124,54,Product_B,Sep
24.5099158528604,56,Product_A,Mar
93.67278871083158,50,Product_C,Aug
82.73083416079753,41,Product_C,Aug
67.00633808593811,52,Product_D,Mar
88.43145311689459,51,Product_D,Apr
82.33048692092031,46,Product_C,Feb
26.791305299743225,38,Product_D,Apr
90.330309864098,30,Product_B,Nov
58.540801772408564,48,Product_E,Nov
82.66961396476563,51,Product_E,Nov
90.64821699311439,57,Product_B,Sep
38.62031274746775,42,Product_E,Feb
19.90467320749091,53,Product_A,Dec
30.51416462877475,54,Product_B,Dec
48.43970097636307,55,Product_D,Mar
83.62132893302439,47,Product_B,Nov
87.46575249307091,38,Product_C,Nov
10.625691747807164,51,Product_D,Apr
55.967257231980916,49,Product_C,May
47.56699028339011,50,Product_D,Jan
29.98970294236572,38,Product_E,Jul
20.787883060031454,44,Product_B,Oct
40.385365426326516,59,Product_A,Jul
94.86187335212672,43,Product_D,Sep
39.088263881867974,53,Product_D,Apr
56.691155956902946,51,Product_C,Jun
73.27170630056601,43,Product_E,Nov
42.726664214136456,37,Product_C,Feb
97.46038744488646,45,Product_C,Dec
96.62025654479001,59,Product_E,Dec
32.66040662428277,55,Product_A,Apr
54.75236553031469,47,Product_C,Feb
37.07904788350927,59,Product_C,Oct
35.63564449397208,49,Product_D,May
13.319825261907951,50,Product_E,Jul
64.86079005819072,61,Product_B,Jan
55.24111209059753,45,Product_A,Oct
14.633087612499041,62,Product_A,Oct
35.07818178129503,53,Product_E,Jul
91.74392973699884,55,Product_D,Oct
31.560570160027517,42,Product_D,Jun
23.04053848821008,72,Product_E,Jun
54.05074842498067,59,Product_D,Dec
98.70854086995406,44,Product_A,Aug
31.784974436035036,49,Product_A,Aug
70.49219926652907,47,Product_B,Jun
78.54576537958458,42,Product_E,Mar
31.38737895931597,71,Product_C,May
75.53947137506736,53,Product_C,Feb
43.10048194473279,56,Product_B,May
66.90752475342215,44,Product_B,Sep
67.01767396848052,42,Product_D,Oct
58.21972156672826,46,Product_B,Jan
18.12607930489675,48,Product_B,Oct
85.17722460303142,52,Product_C,May
38.870205847456226,42,Product_D,Dec
26.786665935986882,53,Product_B,Jun
13.669762739928753,58,Product_B,Nov
63.18036488694176,52,Product_D,Jul
70.98079256580542,43,Product_E,Sep
11.492904603507053,45,Product_D,Jun
56.088375246935286,51,Product_C,May
30.384619767814417,32,Product_E,Dec
68.06555113685049,49,Product_A,Jul
25.69297861044923,46,Product_D,Jan
72.18439642922193,32,Product_C,Nov
44.806181167048365,53,Product_E,May
94.30569898630611,49,Product_D,Feb
22.376884973139394,50,Product_B,Apr
40.695971594523265,41,Product_D,Jul
20.212616911653015,46,Product_A,May
93.22242564507064,43,Product_D,Dec
88.9605418042883,72,Product_E,Jun
33.21474649436401,54,Product_E,Feb
69.39856414307611,59,Product_D,Mar
83.54999801810942,54,Product_E,Jul
59.96807304395161,65,Product_B,Nov
57.66855205204058,50,Product_D,Feb
31.76670618104065,59,Product_B,Dec
18.379249102530927,54,Product_B,Jun
90.74941821579941,44,Product_C,May
91.03762514469975,48,Product_D,Oct
66.97913115459411,40,Product_E,Jan
40.51268119438306,59,Product_B,Dec
41.428861715139476,51,Product_C,Nov
75.33601109832155,60,Product_D,Oct
90.73992339573194,46,Product_D,Nov
89.83777818386056,57,Product_A,Apr
80.18879912718614,57,Product_A,Nov
67.78284815388591,57,Product_B,Feb
17.572596849554394,51,Product_A,Apr
24.54658426851524,46,Product_B,Jan
90.86987696743714,48,Product_E,Feb
64.57861536936309,48,Product_B,Aug
10.827734645496669,44,Product_A,Jun
19.132438857942887,44,Product_E,Feb
69.71515921972502,52,Product_A,Dec
10.455542546159682,52,Product_B,Jun
24.472724627574877,47,Product_C,Oct
59.38604104299275,50,Product_D,Sep
72.27056779234239,47,Product_A,Jul
68.67651335523405,52,Product_B,Sep
30.18423785145038,52,Product_E,May
74.09612992127823,57,Product_A,Jul
31.352417874712007,67,Product_A,Nov
39.285972834334096,43,Product_D,Jul
77.18422646062217,53,Product_B,Dec
68.46696091424931,47,Product_C,Dec
86.43010694447601,50,Product_E,Mar
69.18516030703091,45,Product_B,Jul
61.147774300192445,57,Product_E,Jan
18.430729104528325,46,Product_A,Sep
43.09442227534902,55,Product_D,Oct
33.86821309135529,48,Product_D,Jun
31.95906790411752,42,Product_C,May
97.57094992772011,43,Product_D,Jul
45.378795220008435,54,Product_A,May
90.2841899659402,51,Product_C,Oct
66.80247633975367,69,Product_B,May
81.53301731874836,57,Product_D,Nov
55.23733837946729,66,Product_C,Oct
61.92134961637232,44,Product_A,Nov
54.32659244369775,52,Product_E,Jul
27.571868901824004,47,Product_E,Oct
75.02069037353547,56,Product_A,Jul
35.26951261967702,57,Product_A,Nov
12.188436978830845,53,Product_E,Mar
68.09250663164511,53,Product_C,Mar
25.939961146634403,52,Product_E,Oct
94.64127259176229,55,Product_A,Dec
95.85357193023286,44,Product_D,Mar
92.33779511984037,52,Product_B,Jun
43.31428302299,44,Product_D,Dec
11.391095487598069,52,Product_D,Jun
93.54867063289528,54,Product_A,Mar
48.53657334855829,48,Product_E,Mar
96.99893371393026,41,Product_C,Aug
96.72579793803276,55,Product_D,Aug
86.7708509920624,45,Product_E,Jul
36.50040028626271,43,Product_C,Oct
44.658795574173276,44,Product_D,Apr
86.60230043651713,37,Product_C,Apr
38.522980464064986,37,Product_E,Mar
25.254347201748324,44,Product_B,May
60.11211362125152,60,Product_E,Mar
94.25392967447029,51,Product_A,Aug
72.64268170074757,46,Product_C,Jul
61.30550530804285,51,Product_B,Mar
18.74588443936917,49,Product_C,Sep
65.35065040292528,51,Product_C,Dec
99.10484650938369,42,Product_D,May
22.60756137128716,43,Product_A,Sep
56.64966871273631,39,Product_C,Jul
88.96357647351599,56,Product_E,Jul
76.6691755978784,53,Product_E,Jun
72.73141668957412,63,Product_D,Feb
73.22356755883983,48,Product_A,Sep
42.35420360977797,51,Product_A,Jun
36.4232659838044,50,Product_E,Aug
82.84250399306623,38,Product_B,Jan
82.91020552112627,41,Product_D,May
88.03650867220934,56,Product_D,Dec
92.19164973008242,45,Product_E,Jan
56.020815897484404,51,Product_E,Oct
55.136466521847964,48,Product_B,Nov
81.84656610700976,52,Product_B,Aug
68.49675376999886,62,Product_A,Aug
73.17701895319331,40,Product_D,Jan
81.6213402492491,47,Product_D,Sep
90.10048076358096,59,Product_E,Feb
40.41956411663823,57,Product_A,Dec
43.802465737594964,38,Product_D,Sep
18.45837458567821,42,Product_A,Jan
62.045212689655656,47,Product_A,Dec
13.234804641706788,53,Product_E,Oct
51.90382163192142,41,Product_A,Sep
58.838017123681894,62,Product_B,Apr
35.7887126915456,52,Product_B,Sep
63.174993451210966,42,Product_C,Jul
12.745022494514448,48,Product_E,Nov
13.361336987429297,47,Product_C,Jun
84.03405045936924,46,Product_B,May
42.41715772701366,49,Product_C,Nov
21.435446138669633,53,Product_E,Sep
57.001893404932396,52,Product_E,Feb
79.29941977887498,42,Product_A,Nov
29.423892474715885,56,Product_D,Dec
66.06014282371002,41,Product_A,Feb
17.68127184943912,46,Product_E,Nov
14.651354905174692,54,Product_B,Dec
57.82191684113332,57,Product_B,Sep
58.657160944909585,46,Product_A,Dec
67.3686911348386,50,Product_E,Mar
75.34822003503955,41,Product_B,Aug
97.82668715162812,49,Product_E,Nov
56.46703134710758,47,Product_B,Sep
39.06608256471213,58,Product_E,Aug
81.56675752918333,56,Product_C,Apr
34.374902613586684,48,Product_E,Dec
49.507427863507246,56,Product_E,Jan
17.061074320803936,51,Product_A,Apr
12.281566907391177,68,Product_C,Sep
96.63835732101326,40,Product_D,Feb
85.23821084609853,49,Product_A,Mar
72.63767854843282,39,Product_D,Oct
46.80576499728429,41,Product_B,Aug
25.596488806376122,55,Product_D,Jun
24.079333840397744,47,Product_E,Aug
32.52186083481358,49,Product_D,Jul
59.43039982355084,56,Product_A,May
74.31363304300561,54,Product_A,Sep
69.41776390459582,45,Product_D,Apr
35.19405072513486,49,Product_A,Jun
95.93787525968747,53,Product_A,Feb
76.41072250261917,53,Product_D,Feb
59.891864726026064,36,Product_C,Feb
65.05486716109169,41,Product_C,Oct
47.764005618501095,50,Product_B,Jul
32.29578905510417,32,Product_A,Feb
42.03754107861354,55,Product_D,Dec
78.20614994179321,37,Product_A,Feb
11.295413976678027,47,Product_E,Sep
20.446537645622463,47,Product_A,Jul
14.140237781957747,53,Product_A,Nov
13.665592208707313,42,Product_C,Mar
86.99145256099065,53,Product_D,Mar
73.32920734420213,45,Product_A,Jul
52.67564461785927,46,Product_C,May
18.805074458590134,53,Product_B,Oct
54.24542876051491,43,Product_C,Jun
52.61245937025091,52,Product_C,Dec
25.58816829190137,53,Product_C,Aug
49.04664843141757,57,Product_A,Sep
45.86542609576361,52,Product_A,Jan
65.42650882469948,57,Product_B,Mar
67.15842857808795,41,Product_E,Nov
14.077360879484006,63,Product_E,Jul
43.71513531638241,47,Product_E,Jun
66.32739241428128,49,Product_B,Jul
55.28226327220789,65,Product_E,Aug
87.08408570694901,40,Product_E,Jun
69.28242684570506,60,Product_C,Mar
24.664098437328672,45,Product_A,Feb
16.351187266038686,62,Product_A,Dec
67.8177350385684,56,Product_C,Jul
12.386017948745963,58,Product_C,Dec
62.7198023146117,56,Product_C,Dec
94.62072172824618,42,Product_A,Dec
61.792676008829105,33,Product_E,Nov
44.935293358586975,41,Product_C,Jan
67.89593965981179,57,Product_B,Mar
51.2427601442365,50,Product_C,Dec
59.105511038434145,55,Product_D,Nov
94.73183278988726,52,Product_C,Apr
44.74923740206968,46,Product_A,Jan
96.50715074415228,54,Product_C,May
91.48155777604573,53,Product_D,Oct
27.62120213103668,42,Product_B,Mar
16.24251707876489,39,Product_E,Feb
19.070020123968398,57,Product_C,Mar
11.639964308639476,51,Product_D,Aug
18.499866468033556,52,Product_D,Jun
71.47060960747211,47,Product_B,Jul
16.40697836142061,51,Product_A,Dec
38.70780672643852,56,Product_C,Jun
86.03877798725091,55,Product_D,Jun
12.094474216224327,67,Product_B,Dec
83.30216343300422,46,Product_E,Mar
35.36692972960599,46,Product_D,Dec
20.634834485949064,49,Product_B,Aug
72.70634488277355,60,Product_A,Dec
66.60485621018955,48,Product_A,Jul
88.97248121743476,54,Product_D,Jul
76.15639394234972,52,Product_D,Jun
82.31328373463637,57,Product_C,May
35.38311153141758,52,Product_B,Oct
25.969558940175055,53,Product_D,Aug
77.55532764767725,52,Product_C,May
82.61512653405376,51,Product_C,Sep
99.1454627800606,54,Product_D,Sep
47.135590922028385,45,Product_A,Jan
43.481627721350485,50,Product_B,Jun
79.87716646677971,35,Product_B,Jul
40.672318622771606,56,Product_A,Mar
93.76815930432082,56,Product_D,Jul
87.25714766587106,49,Product_B,Nov
48.609462463751655,46,Product_D,Nov
77.57839610123476,38,Product_D,Jul
77.90885866762142,52,Product_C,Nov
19.281148195233936,53,Product_A,Feb
91.229761601161,53,Product_D,Jul
55.472713520307146,40,Product_E,Jan
84.38117194969675,58,Product_A,May
38.804464092755055,51,Product_B,Sep
90.59709056465805,43,Product_C,Jul
45.02815108607468,46,Product_B,Jul
10.975388633226853,45,Product_B,Nov
91.48437787773373,46,Product_A,Dec
18.21580091075202,45,Product_B,Feb
38.73822738313734,59,Product_D,Aug
95.50557703457244,43,Product_B,Mar
95.55464322438004,49,Product_C,Aug
61.60940993109575,41,Product_C,Mar
66.86534909528194,55,Product_E,Oct
50.36009697804878,49,Product_C,Jul
36.388969452825805,56,Product_B,Feb
39.57980908329243,52,Product_C,Apr
70.52666104693346,55,Product_A,Nov
77.7137076493912,67,Product_C,Jun
81.24211393532637,35,Product_D,Nov
81.06563285150985,45,Product_A,Sep
18.208549274382133,61,Product_E,May
54.49782742323233,45,Product_D,Sep
15.180288401497986,49,Product_B,May
59.4575994091362,36,Product_B,Oct
49.73774512360393,30,Product_B,Aug
89.89337644824698,61,Product_D,Jan
41.58235112968708,51,Product_D,Jul
20.536031478484528,47,Product_D,Apr
22.869251384755227,64,Product_A,May
78.5359568545725,48,Product_A,Jun
65.6396256984635,45,Product_B,May
19.101040851051124,43,Product_C,Dec
17.569612550349767,49,Product_B,Jan
73.08722183132079,52,Product_E,Dec
16.548670572777418,40,Product_A,Sep
83.96740533613206,44,Product_D,Feb
73.56180044408467,58,Product_A,Sep
17.32139025777098,50,Product_D,Oct
17.635394267667273,59,Product_E,Feb
98.7975620651058,37,Product_E,Sep
43.68437161805083,51,Product_A,Jun
43.357793236020186,49,Product_D,Nov
83.15196105317523,58,Product_E,Sep
95.25237196454728,49,Product_B,Jun
98.74009574405838,53,Product_B,Jun
77.80403667330475,36,Product_D,Nov
43.86336269778242,57,Product_A,Feb
17.51506450288019,43,Product_E,Aug
79.94322243346932,42,Product_A,Mar
60.256382476222456,56,Product_B,Jul
48.17998083222786,44,Product_E,May
91.57189465852623,49,Product_A,Mar
20.00777340755362,51,Product_C,Jan
54.336259386177325,39,Product_D,Aug
11.021828029067716,57,Product_D,Mar
52.17945777947136,43,Product_C,Feb
15.067294811365361,45,Product_B,Jan
20.693612464126474,52,Product_E,Apr
20.577362209939437,57,Product_D,Aug
68.42892719044572,62,Product_C,Mar
77.1440391338881,42,Product_C,Jan
62.503188858744366,57,Product_B,Apr
96.59552936270877,41,Product_B,Sep
43.73835215713336,43,Product_A,Jan
35.714087765367466,53,Product_D,Dec
88.17392153705143,49,Product_A,Nov
30.123625466750738,57,Product_C,Feb
96.69002854965501,70,Product_E,Sep
11.09390272208347,53,Product_E,Feb
97.28909440368751,60,Product_B,Mar
13.884392075551851,42,Product_E,Jul
90.2028802328264,51,Product_E,Mar
57.49309981776699,38,Product_E,Sep
99.36683165073703,43,Product_C,Jun
16.641690826185897,57,Product_E,Mar
59.846885596118874,54,Product_E,Sep
97.2372282057189,49,Product_E,Jan
57.078805975313394,49,Product_A,Oct
66.64587743217362,50,Product_C,Mar
72.61738200861555,46,Product_B,Jan
50.90869582909959,55,Product_A,Feb
66.48022720756572,39,Product_D,Dec
62.58828807307902,41,Product_C,Aug
91.10422094418901,49,Product_C,Jul
14.090174230731208,53,Product_D,Feb
35.28668706330073,47,Product_D,Feb
95.53703356689029,53,Product_D,Sep
90.12374055018248,54,Product_B,Jun
51.009107750714165,54,Product_E,May
65.8119338021383,44,Product_C,Oct
34.96430646830194,45,Product_E,Jun
26.930904375138518,54,Product_E,Sep
51.7328564445984,46,Product_D,Nov
41.80170052234475,59,Product_B,Jul
62.529050066578485,56,Product_A,Oct
16.996117326848633,45,Product_B,Oct
97.69553268995499,54,Product_E,Sep
98.75896700316426,40,Product_B,Apr
72.83455426177707,49,Product_D,Feb
58.24867297097084,51,Product_A,Dec
37.8574854657695,48,Product_D,Aug
83.24155177362537,45,Product_A,Apr
71.62580552984913,55,Product_E,Sep
24.63552454104022,58,Product_A,Apr
91.98344660444582,59,Product_A,Aug
84.0283518630852,54,Product_A,Sep
95.48199219627317,39,Product_B,Sep
75.3147557549524,46,Product_B,Oct
65.20736763422109,46,Product_E,Apr
47.6418732661557,55,Product_A,Jan
93.94556350186119,61,Product_C,Mar
87.94575005503675,54,Product_E,Sep
14.069680309557047,60,Product_A,Apr
12.37302770475268,38,Product_A,May
43.881703019024464,57,Product_B,Jul
82.94979977036496,59,Product_E,May
98.854851638345,52,Product_A,Apr
23.537520199317537,39,Product_A,Feb
63.47176438169216,54,Product_E,Feb
44.28017709679194,60,Product_C,Apr
97.29229580331429,50,Product_E,Oct
85.79070308221378,46,Product_E,Oct
85.44958342400241,56,Product_C,Sep
52.18238438154732,60,Product_E,Aug
47.33375521038987,52,Product_A,Mar
34.60663647376356,52,Product_E,Sep
15.073794698583441,44,Product_C,May
87.82501386295479,39,Product_D,Nov
83.16109082170698,50,Product_E,Mar
99.97459059575175,66,Product_B,May
99.69731533665149,55,Product_A,Oct
59.988853504236474,53,Product_A,Apr
79.20886736624594,45,Product_B,Aug
95.02891568941853,49,Product_B,Dec
86.46826516096704,41,Product_E,May
32.26132915688779,50,Product_B,Oct
50.54897217790842,52,Product_D,Dec
21.62434736363455,43,Product_C,Aug
95.86459245328501,44,Product_B,Sep
64.5557171005792,40,Product_B,Apr
30.577852495311646,57,Product_D,Jul
70.4530615965271,50,Product_A,Feb
65.63154164121062,63,Product_A,Jun
42.23464462295564,38,Product_E,Aug
20.220183297966614,40,Product_D,Dec
70.44158760335196,50,Product_C,Jul
56.827693081341394,50,Product_C,Jul
79.50865525620753,45,Product_D,Aug
56.814715100079404,48,Product_C,Jul
86.69633502866861,61,Product_A,May
59.6716154897037,52,Product_C,Jul
60.484417438184764,57,Product_C,Oct
88.89882423925106,53,Product_D,Mar
46.31345795911573,45,Product_D,May
22.061370560557666,52,Product_C,Jul
12.590440868200508,40,Product_B,Sep
77.9623530106257,49,Product_D,Feb
65.82785962181183,40,Product_E,Apr
73.36717912893012,55,Product_E,Dec
29.166774535801967,38,Product_A,Jul
22.27343280280928,64,Product_C,Jan
11.309019910109374,54,Product_B,Feb
41.55288029259373,52,Product_A,Sep
63.09259181691698,53,Product_C,Oct
45.30196405897591,52,Product_D,Jul
49.37274298213561,55,Product_E,Dec
91.37428250443736,61,Product_B,Oct
41.34299203209703,51,Product_E,Jul
56.25905402438297,46,Product_D,Jun
80.52877114670288,52,Product_C,Mar
45.68885040891431,40,Product_D,Oct
65.98780302050861,47,Product_D,Mar
87.61273378720706,53,Product_E,Feb
95.45685612918778,54,Product_B,Nov
23.236613283613416,54,Product_D,Jun
93.3928862645345,46,Product_E,Apr
54.29046637715844,49,Product_B,May
33.24199494690625,57,Product_C,Mar
51.322218061443515,62,Product_C,Jun
98.20293177569293,46,Product_A,Nov
54.33562845935826,47,Product_E,Dec
39.587644925875736,54,Product_B,Mar
67.00607688850532,47,Product_D,Aug
31.613105690037376,48,Product_C,Sep
16.827699529779753,60,Product_B,Apr
21.59917497195843,42,Product_E,Sep
21.524125506199518,53,Product_A,Dec
23.67124241610649,47,Product_C,Jul
22.49444553844691,48,Product_B,Mar
67.67872703228932,54,Product_B,Jul
26.369207595923033,47,Product_B,Jan
41.11005549914769,54,Product_E,Mar
90.71095689154106,50,Product_E,Jun
52.65654762365851,48,Product_E,Apr
70.08019646689245,42,Product_D,Jul
25.508788408146685,56,Product_B,Mar
27.30601169278037,45,Product_C,Jan
13.678175463983099,46,Product_E,Sep
25.204155676494807,52,Product_E,Jun
35.073130512876276,68,Product_B,Aug
25.93094358490721,48,Product_E,Mar
17.983228038135003,51,Product_D,Aug
20.857228399054073,51,Product_D,Feb
51.47008912294532,49,Product_E,Dec
28.570034656521326,45,Product_B,Apr
42.78428749432679,35,Product_B,Mar
55.30755437693712,51,Product_B,Oct
72.13553457664287,52,Product_A,Jan
13.538092585698905,49,Product_E,Jul
81.94693590181384,50,Product_B,Nov
66.51103505418169,53,Product_D,Oct
17.35831287539847,52,Product_C,Feb
88.62207616960995,48,Product_C,Apr
92.87851604786319,49,Product_B,Sep
15.497016386937737,61,Product_C,Jun
34.918988333248336,51,Product_C,Aug
82.55811518137551,41,Product_A,Feb
77.34337213452925,40,Product_D,Jul
26.60689174207396,45,Product_D,Jun
28.841439100303926,65,Product_A,Sep
43.34248925122438,50,Product_A,Jul
53.60706866719192,52,Product_C,Jan
65.64292943772664,45,Product_E,Aug
43.202227561279514,56,Product_C,Nov
51.62812445198331,50,Product_A,Oct
77.2723844320381,52,Product_D,Mar
13.30148826015381,58,Product_C,Feb
32.719324990961866,51,Product_E,Dec
74.20146272960972,43,Product_C,Mar
90.56861539184794,59,Product_B,Nov
56.05096979040995,49,Product_C,Jun
57.89021367387841,54,Product_A,Mar
19.645481020579844,54,Product_D,Oct
50.26711301411092,46,Product_D,May
57.935553980952086,57,Product_A,Jun
31.82234532712567,54,Product_B,Aug
34.231890785444286,45,Product_A,Jul
43.95557467941604,55,Product_C,Nov
11.806407799995373,55,Product_A,Aug
38.987124902486045,56,Product_A,Mar
29.03032062968902,53,Product_B,Apr
39.47476169601232,58,Product_C,Jun
20.778591863732608,38,Product_E,Nov
90.14745526659054,38,Product_E,Jul
63.42332081986438,48,Product_D,Sep
71.11920872300406,47,Product_A,Jan
81.02541147466044,50,Product_D,Aug
54.85979790361515,37,Product_B,Aug
17.82282592786813,57,Product_E,Jun
58.3395887636693,34,Product_A,Apr
62.815700621879124,48,Product_B,Mar
77.0895526765897,44,Product_B,Nov
48.84935916067114,48,Product_A,Mar
21.48222725160074,46,Product_B,Jun
35.539831521885205,44,Product_A,Aug
42.67740667587716,47,Product_A,Jul
68.13255171984412,50,Product_C,Nov
61.37004742020207,52,Product_D,Jan
42.048705330806165,37,Product_B,Nov
98.78637239136818,44,Product_B,Jun
64.51973374211985,57,Product_C,Jul
31.350411256239504,51,Product_C,Dec
19.160422535836336,41,Product_C,Jul
23.75732252658988,45,Product_E,Sep
32.136195554605735,45,Product_E,Nov
24.46132359336001,53,Product_E,Nov
26.79103216461752,55,Product_A,Oct
35.65856518244624,34,Product_B,May
25.603623576527934,54,Product_D,Jan
90.70888821637827,58,Product_A,Feb
17.2210371095478,44,Product_B,Apr
57.20602506132292,46,Product_B,May
46.935714429069535,47,Product_C,Sep
98.41407552177458,58,Product_C,Nov
20.08350119512471,49,Product_A,Jan
45.80700391411675,38,Product_C,Mar
97.2523389947832,50,Product_B,May
87.89564133045822,53,Product_C,Mar
83.5364863854352,55,Product_E,Apr
33.211254434044584,66,Product_C,Mar
25.379882865105923,46,Product_B,Apr
70.17788979319879,56,Product_A,Jan
93.64383902148272,34,Product_D,Dec
60.10866037125368,67,Product_C,Aug
61.44514205229099,49,Product_B,Apr
35.19811842942558,43,Product_D,Jul
79.25436398727432,47,Product_D,Feb
26.833937370177104,56,Product_E,Feb
39.131131276381936,57,Product_D,Jun
48.28927947547751,43,Product_B,Feb
55.68493408160095,49,Product_B,Jun
31.816875917357223,44,Product_C,Nov
20.335314226528318,52,Product_C,Feb
64.95580381974693,41,Product_C,Apr
35.97674979162302,55,Product_D,Jul
62.31143992803511,53,Product_D,Aug
23.892644374678206,55,Product_E,Mar
53.30260916693357,60,Product_C,Sep
57.93304892964273,47,Product_A,Feb
14.664118314018422,40,Product_E,Aug
40.294385037452855,45,Product_A,Aug
22.09732092450768,46,Product_D,Apr
15.703747342549097,40,Product_E,Jan
99.09642091509507,50,Product_E,Jan
39.01184604772507,51,Product_B,Feb
82.88870012691714,54,Product_D,Dec
32.917658928738746,56,Product_D,Sep
71.33524500015363,40,Product_E,Feb
78.42050739007179,56,Product_D,Feb
63.60748665470599,40,Product_E,Jun
52.441856969514255,56,Product_B,Jul
47.06568227325417,47,Product_E,Jul
41.39814398886958,58,Product_D,Sep
93.65762298230433,61,Product_D,Jun
84.75574670089563,56,Product_E,Aug
96.85242195998613,48,Product_E,Nov
21.186750113699027,36,Product_E,Jun
75.77807276832799,44,Product_C,Feb
94.45064111389341,55,Product_D,Jan
26.310975954909413,69,Product_D,May
15.984664063009975,47,Product_C,Sep
76.70085843610532,43,Product_E,Aug
61.70258018619207,52,Product_B,Apr
85.76458990824449,52,Product_E,May
22.579513896366056,57,Product_E,May
81.57405806739011,48,Product_C,Jun
28.14645880429701,45,Product_D,Mar
24.729034857913405,62,Product_E,May
24.783921813789362,49,Product_D,Feb
83.3117248208244,54,Product_A,Oct
69.867749862658,41,Product_D,Jan
57.07588822922074,53,Product_B,Nov
42.29474357111523,51,Product_B,Jan
88.94804867317974,50,Product_E,Oct
45.32005966803718,37,Product_D,Jul
83.49394955244193,57,Product_E,Feb
49.52214177131966,51,Product_C,Apr
43.92499864824168,33,Product_B,May
51.64118071026458,49,Product_E,Jul
37.12400867477279,59,Product_C,Feb
77.2848442158626,68,Product_E,Jun
55.24483510832312,51,Product_D,Jan
30.89914256321356,49,Product_D,Jul
90.96171159471116,37,Product_D,Sep
44.55020992358903,56,Product_D,May
58.919757500258974,49,Product_A,May
91.58248998680922,44,Product_C,Apr
66.18141963225929,53,Product_C,Mar
20.520823663752765,51,Product_D,Sep
94.58489112521276,50,Product_A,May
66.4937247764276,63,Product_D,Aug
40.14150531913775,53,Product_A,Sep
22.53448653970485,46,Product_D,May
81.46226703432664,55,Product_B,Oct
65.80654803356622,48,Product_B,Sep
58.01149827786894,50,Product_E,Feb
90.45033247458619,40,Product_D,Sep
80.97374901020777,48,Product_C,Nov
23.650739175947606,56,Product_E,Apr
38.05498610159934,48,Product_B,Jun
32.36402258330192,52,Product_D,Jun
76.95516633154092,56,Product_E,Jun
13.017919126220145,51,Product_D,Feb
61.29007163841849,53,Product_B,Jul
78.62128171666215,39,Product_E,Jun
88.90890730855745,44,Product_B,Nov
40.78735738443167,31,Product_A,Jan
83.91315742048116,59,Product_B,Feb
19.95685632596865,66,Product_D,Jul
86.18070625610663,49,Product_C,Jan
21.47397960987842,50,Product_B,Jan
45.755856150433054,45,Product_C,Jan
81.75658292015983,60,Product_A,Aug
23.492568461389638,56,Product_E,Apr
30.632625570937734,50,Product_E,Apr
75.00273115537597,52,Product_C,Feb
74.80328828914669,46,Product_E,Nov
67.70328695967676,43,Product_B,Nov
72.455360002039,50,Product_C,Nov
58.84519990128366,46,Product_D,Jan
32.66191530162575,56,Product_B,Dec
41.112639415352746,51,Product_B,Oct
26.34379451212831,48,Product_B,Sep
91.76055052002656,41,Product_D,Jul
62.50526152895084,50,Product_A,Apr
46.07662750872759,46,Product_E,Dec
51.58052232797194,44,Product_C,Jun
95.25550056506339,44,Product_A,Feb
23.801626280447216,55,Product_C,Jul
62.76068488151175,48,Product_E,Feb
55.52998109960194,46,Product_D,Oct
65.0308811891183,57,Product_B,Aug
11.629916543875646,47,Product_B,Aug
88.49115180497364,56,Product_D,Jan
93.89064542352511,52,Product_A,Aug
60.861986523028804,38,Product_A,Feb
72.6985741489203,54,Product_C,Jun
93.02494430595661,56,Product_D,Jan
73.65147708820587,66,Product_A,May
23.72851386228352,45,Product_D,Nov
61.86595241501318,46,Product_E,Jul
64.60435417445703,56,Product_B,Oct
48.17176041721474,50,Product_B,Jan
76.27998120622506,47,Product_B,Feb
94.09303132921134,58,Product_D,Jul
93.30116616160987,55,Product_D,Jun
50.57554342637189,62,Product_C,Mar
20.19142412566797,45,Product_B,Oct
98.63570790661011,43,Product_C,Feb
85.50082778013407,59,Product_B,Oct
21.219641308294015,55,Product_C,Apr
92.87576943556351,65,Product_C,Mar
88.29067258559155,47,Product_E,Jul
56.69542514134649,56,Product_C,Aug
63.21478921704363,48,Product_D,Feb
45.910243348311724,58,Product_C,Oct
14.928547493982819,49,Product_B,Jul
40.16775174813108,54,Product_C,Aug
82.25681037382103,34,Product_A,Jun
10.416882070414257,42,Product_B,Jun
40.014925452202974,51,Product_A,Oct
45.8351824231849,41,Product_B,Jan
58.36560426441306,42,Product_D,Apr
92.78700547714844,45,Product_D,Jan
41.17113949293651,54,Product_D,Apr
41.22578817066049,44,Product_A,Feb
76.37511232987735,51,Product_E,Nov
50.69961468008265,61,Product_B,May
30.214434064598375,54,Product_D,Oct
50.7195564519424,51,Product_B,Sep
22.677131834181985,46,Product_A,Nov
25.874828785560098,52,Product_E,Dec
54.853099546553175,55,Product_A,Oct
47.70329045540931,37,Product_B,Mar
92.33613109612901,45,Product_E,Aug
42.61545092049698,54,Product_E,Mar
62.25295152502391,35,Product_A,Jun
66.90378591275774,65,Product_D,Apr
11.178501092950027,54,Product_B,Aug
69.71836348150396,43,Product_C,Nov
26.02323701827763,55,Product_C,Jun
96.49632857225096,45,Product_A,Aug
23.379645497780167,49,Product_B,Jan
47.316171135432135,37,Product_B,Jun
17.681470127077947,40,Product_A,Jan
99.71868266613527,55,Product_B,Jan
55.19755092981183,48,Product_D,Aug
63.58465155880394,48,Product_A,Jul
16.036882964958473,43,Product_D,Mar
77.496442335926,45,Product_B,Jun
28.891503378602717,52,Product_A,Sep
90.82488604966424,46,Product_B,Jul
28.462567643380645,52,Product_A,Dec
27.16189485972999,53,Product_B,Mar
13.28947010632854,44,Product_D,Jun
52.48602505989993,54,Product_D,Nov
60.83570199363548,46,Product_B,Apr
15.913777548551714,52,Product_A,Mar
79.79748550255096,65,Product_C,Sep
50.795995127322485,43,Product_D,Oct
57.195124239482205,54,Product_D,Feb
49.668647224440534,48,Product_C,Jan
46.06867547877934,52,Product_B,Feb
60.36762981773961,49,Product_A,Jul
23.971622133764125,48,Product_B,Oct
26.3735317445744,43,Product_E,Jan
87.56070589121656,39,Product_D,Jun
95.15039159202695,62,Product_E,Jul
43.597838465177766,45,Product_D,Sep
34.367020582919835,55,Product_D,Aug
67.95995889151142,52,Product_E,Jun
46.78607539882868,53,Product_E,Mar
12.284772009431038,55,Product_B,Aug
24.053733762957133,43,Product_E,Jul
74.43750059626578,55,Product_B,Mar
69.30315477191363,44,Product_B,Sep
12.438639325313513,45,Product_B,Dec
29.97749457396545,36,Product_D,Feb
30.796731692926425,55,Product_D,Mar
70.47034692388556,54,Product_E,Feb
11.773948397892774,63,Product_D,Jan
19.369772378611646,43,Product_E,Apr
81.99244768358705,55,Product_D,May
26.069019584890025,50,Product_A,Jun
68.74714970666872,47,Product_A,May
31.436450294205386,52,Product_E,Jan
18.949725348341065,45,Product_D,Mar
31.88549718995087,60,Product_D,Jan
75.00402386700932,56,Product_B,Nov
87.01268212956572,53,Product_C,May
84.71978781102925,54,Product_E,May
45.74651766566093,49,Product_C,Dec
70.12766229135815,64,Product_C,Nov
28.448586587423886,58,Product_E,Jun
36.383295723491194,49,Product_D,Aug
90.67022366690078,46,Product_E,Oct
11.170173115966243,35,Product_C,Dec
17.695767776902127,63,Product_D,Jan
28.70976296314246,56,Product_A,Apr
12.387898348643773,53,Product_E,Oct
26.329189158081757,42,Product_E,Nov
62.473740487272295,37,Product_D,Jan
47.92820955332481,53,Product_A,Sep
90.34045399692774,57,Product_A,Nov
83.56992055645968,40,Product_D,Jul
40.76356165280884,46,Product_B,Jul
33.34810900881632,50,Product_E,Dec
44.17231673505402,47,Product_E,May
63.1265448263327,46,Product_C,Jul
34.125727674058865,66,Product_D,Dec
66.17340170642206,47,Product_C,Feb
46.84704869721164,64,Product_C,Apr
59.68424627667822,39,Product_A,Jul
49.2513876221785,51,Product_E,Mar
36.50191835877259,43,Product_C,Feb
95.3607976265941,54,Product_A,Oct
78.72452147437848,59,Product_D,Feb
22.61018581898073,49,Product_C,Jan
88.16211783081215,42,Product_E,May
53.86880784245623,42,Product_C,Dec
90.50970042046822,44,Product_D,Jun
81.98697303525837,42,Product_C,Jun
48.26921540223101,55,Product_E,Sep
12.022237748810566,50,Product_A,Apr
34.180962344645145,38,Product_E,Jan
58.747079319478026,44,Product_A,Jun
67.01303978435325,39,Product_B,May
33.20989168898821,50,Product_E,Oct
22.54204666655417,44,Product_E,Jun
85.14372131193691,48,Product_D,Mar
98.5961962633197,52,Product_C,Feb
57.312116407241724,48,Product_A,Jun
25.451135726347317,51,Product_A,Jan
34.50765938674321,54,Product_D,Jul
11.655160889272006,50,Product_D,Jul
92.28689259044491,59,Product_C,Oct
20.597597460112702,51,Product_C,Jul
61.88648279628282,52,Product_E,Dec
34.66496986184854,46,Product_B,Nov
59.87602022642141,54,Product_C,Oct
68.62783495166778,48,Product_D,Jan
84.67676233364814,43,Product_C,Apr
28.577914458454288,48,Product_A,Jul
10.989624579263243,57,Product_B,Nov
22.319706706192655,49,Product_E,Sep
91.00167776632946,53,Product_A,May
88.65010698062638,44,Product_A,Feb
63.76717919532775,55,Product_B,Jul
64.0465174390288,58,Product_E,Oct
69.853300709163,46,Product_D,Jan
25.783415076110465,49,Product_E,Jul
92.29707513324638,49,Product_C,Jun
47.68934724028658,48,Product_A,Jul
44.48246754245477,61,Product_C,Oct
56.70259347545538,37,Product_D,Mar
14.226937009754954,48,Product_C,Mar
24.965503188047148,71,Product_E,Jul
76.42302547837333,53,Product_C,Feb
17.45188011326138,47,Product_D,Jan
64.28368985197494,51,Product_D,Sep
32.081419871318886,44,Product_D,Sep
45.036605263777886,47,Product_E,Jul
35.98243630936299,47,Product_D,Jul
42.01054448184542,55,Product_A,Mar
74.71413146658209,54,Product_D,Oct
36.74095440608575,44,Product_C,Feb
60.976417626720746,50,Product_C,Nov
52.84453619791897,57,Product_C,Jul
69.73040488263834,51,Product_E,Sep
94.31467653922822,56,Product_C,Jan
75.93148874892253,56,Product_E,Apr
29.34463407316811,57,Product_E,Jun
12.80648215551562,41,Product_D,Jul
33.60376398698426,52,Product_A,Oct
63.55701376302294,42,Product_D,Jul
14.628323213582531,60,Product_D,Oct
54.67296224811127,61,Product_E,Feb
63.71585640252003,52,Product_E,Apr
40.08195017352647,60,Product_C,May
79.38209833712398,53,Product_C,Dec
19.593842782039463,49,Product_D,Jan
16.762400356222788,45,Product_B,Jan
75.5369880583243,46,Product_B,Oct
54.59421845855786,43,Product_C,Mar
71.95621567849625,61,Product_B,Oct
49.13446047433716,43,Product_C,Mar
32.17618299151961,54,Product_E,Dec
83.71920859067798,57,Product_D,Aug
81.94742910720814,57,Product_A,Sep
72.52268237689842,54,Product_D,Nov
34.49306235069665,64,Product_C,Dec
63.12076001821784,46,Product_C,Jan
42.48765072460241,43,Product_D,Nov
18.242386599397072,44,Product_C,Feb
92.55822179160185,45,Product_B,Oct
22.313676782706526,57,Product_B,Feb
95.52136184387221,56,Product_C,Apr
50.140519566216014,38,Product_C,Feb
